<?xml version="1.0" encoding="UTF-8"?>
<project-private xmlns="http://www.netbeans.org/ns/project-private/1">
    <editor-bookmarks xmlns="http://www.netbeans.org/ns/editor-bookmarks/2" lastBookmarkId="1">
        <file>
            <url>src/seatingassignment/FileIOCodes.java</url>
            <bookmark id="1">
                <name/>
                <line>88</line>
                <key/>
            </bookmark>
        </file>
    </editor-bookmarks>
    <open-files xmlns="http://www.netbeans.org/ns/projectui-open-files/2">
        <group>
            <file>file:/Users/stanleyyang/NetBeansProjects/SeatingAssignment/src/seatingassignment/AccountManager.java</file>
            <file>file:/Users/stanleyyang/NetBeansProjects/SeatingAssignment/src/seatingassignment/GUI.java</file>
            <file>file:/Users/stanleyyang/NetBeansProjects/SeatingAssignment/src/seatingassignment/SeatingAssignment.java</file>
        </group>
    </open-files>
</project-private>
